YEAR,MONTH,education,unemployment_rate,date
2015,1,Bachelor's or higher,0.02934312222868572,2015-01-01
2015,1,High school,0.06447705076892238,2015-01-01
2015,1,Less than high school,0.10142429290593369,2015-01-01
2015,1,Some college / Associate,0.057225381415577224,2015-01-01
2015,2,Bachelor's or higher,0.027919646223469704,2015-02-01
2015,2,High school,0.061723481533196664,2015-02-01
2015,2,Less than high school,0.0953387754119436,2015-02-01
2015,2,Some college / Associate,0.05458756887071484,2015-02-01
2015,3,Bachelor's or higher,0.024193368599130488,2015-03-01
2015,3,High school,0.05896949627976033,2015-03-01
2015,3,Less than high school,0.09561203901857689,2015-03-01
2015,3,Some college / Associate,0.049873577158498675,2015-03-01
2015,4,Bachelor's or higher,0.025715336475332595,2015-04-01
2015,4,High school,0.05383911255150997,2015-04-01
2015,4,Less than high school,0.08546116064716452,2015-04-01
2015,4,Some college / Associate,0.04482621864085442,2015-04-01
2015,5,Bachelor's or higher,0.02495454504630513,2015-05-01
2015,5,High school,0.05583351989043595,2015-05-01
2015,5,Less than high school,0.0824445977593604,2015-05-01
2015,5,Some college / Associate,0.04225661719256506,2015-05-01
2015,6,Bachelor's or higher,0.025393866766024138,2015-06-01
2015,6,High school,0.05238141959712467,2015-06-01
2015,6,Less than high school,0.07566291779858626,2015-06-01
2015,6,Some college / Associate,0.041688399604511775,2015-06-01
2015,7,Bachelor's or higher,0.028480255968814285,2015-07-01
2015,7,High school,0.05686418728630672,2015-07-01
2015,7,Less than high school,0.08526230084426521,2015-07-01
2015,7,Some college / Associate,0.04537813761704852,2015-07-01
2015,8,Bachelor's or higher,0.02664828300290788,2015-08-01
2015,8,High school,0.05628963355367341,2015-08-01
2015,8,Less than high school,0.0762669400967996,2015-08-01
2015,8,Some college / Associate,0.04576007459580363,2015-08-01
2015,9,Bachelor's or higher,0.02370019535550535,2015-09-01
2015,9,High school,0.05175208741958471,2015-09-01
2015,9,Less than high school,0.07160309979749778,2015-09-01
2015,9,Some college / Associate,0.04250190175963976,2015-09-01
2015,10,Bachelor's or higher,0.024117108599632262,2015-10-01
2015,10,High school,0.05154698378409233,2015-10-01
2015,10,Less than high school,0.07067689500886101,2015-10-01
2015,10,Some college / Associate,0.04439152102337961,2015-10-01
2015,11,Bachelor's or higher,0.023315881501647002,2015-11-01
2015,11,High school,0.054568015213599705,2015-11-01
2015,11,Less than high school,0.06965894599536805,2015-11-01
2015,11,Some college / Associate,0.04244939505320236,2015-11-01
2015,12,Bachelor's or higher,0.02250327076482769,2015-12-01
2015,12,High school,0.05896655256813102,2015-12-01
2015,12,Less than high school,0.07173088307376414,2015-12-01
2015,12,Some college / Associate,0.0410946291877953,2015-12-01
2016,1,Bachelor's or higher,0.02525974852035528,2016-01-01
2016,1,High school,0.06128566797372527,2016-01-01
2016,1,Less than high school,0.08855020557124713,2016-01-01
2016,1,Some college / Associate,0.046099634747369195,2016-01-01
2016,2,Bachelor's or higher,0.024838782284783024,2016-02-01
2016,2,High school,0.059575330863641175,2016-02-01
2016,2,Less than high school,0.08425860190300048,2016-02-01
2016,2,Some college / Associate,0.046238928644935624,2016-02-01
2016,3,Bachelor's or higher,0.025332467699943243,2016-03-01
2016,3,High school,0.059094732025470914,2016-03-01
2016,3,Less than high school,0.08435534473050137,2016-03-01
2016,3,Some college / Associate,0.04368209010148652,2016-03-01
2016,4,Bachelor's or higher,0.022928226238473202,2016-04-01
2016,4,High school,0.05427437887901558,2016-04-01
2016,4,Less than high school,0.07793944485339127,2016-04-01
2016,4,Some college / Associate,0.03898049167235551,2016-04-01
2016,5,Bachelor's or higher,0.0221235236048819,2016-05-01
2016,5,High school,0.04889362509640495,2016-05-01
2016,5,Less than high school,0.0689181426814,2016-05-01
2016,5,Some college / Associate,0.036337201010112626,2016-05-01
2016,6,Bachelor's or higher,0.02534103709436775,2016-06-01
2016,6,High school,0.0480676968541885,2016-06-01
2016,6,Less than high school,0.07030589000899701,2016-06-01
2016,6,Some college / Associate,0.0399926074072524,2016-06-01
2016,7,Bachelor's or higher,0.026320781828418998,2016-07-01
2016,7,High school,0.05114293001115697,2016-07-01
2016,7,Less than high school,0.06387199577765539,2016-07-01
2016,7,Some college / Associate,0.044174325007924245,2016-07-01
2016,8,Bachelor's or higher,0.02973203983935808,2016-08-01
2016,8,High school,0.05175740805976331,2016-08-01
2016,8,Less than high school,0.07191326551901171,2016-08-01
2016,8,Some college / Associate,0.04437894639177922,2016-08-01
2016,9,Bachelor's or higher,0.024569320796013618,2016-09-01
2016,9,High school,0.05176087887889109,2016-09-01
2016,9,Less than high school,0.07867726236319202,2016-09-01
2016,9,Some college / Associate,0.041062415205424904,2016-09-01
2016,10,Bachelor's or higher,0.024517780809949832,2016-10-01
2016,10,High school,0.05372221968279811,2016-10-01
2016,10,Less than high school,0.06890343134978989,2016-10-01
2016,10,Some college / Associate,0.03819342277222854,2016-10-01
2016,11,Bachelor's or higher,0.02134616358102479,2016-11-01
2016,11,High school,0.048955524505327336,2016-11-01
2016,11,Less than high school,0.07870085321176831,2016-11-01
2016,11,Some college / Associate,0.03855085741176932,2016-11-01
2016,12,Bachelor's or higher,0.022673340578545736,2016-12-01
2016,12,High school,0.05332358334327266,2016-12-01
2016,12,Less than high school,0.08471782378568826,2016-12-01
2016,12,Some college / Associate,0.03664713410057684,2016-12-01
2017,1,Bachelor's or higher,0.025043657407963674,2017-01-01
2017,1,High school,0.060397172032058695,2017-01-01
2017,1,Less than high school,0.09177361665394082,2017-01-01
2017,1,Some college / Associate,0.041117233222630195,2017-01-01
2017,2,Bachelor's or higher,0.023242405344156634,2017-02-01
2017,2,High school,0.054004999475777235,2017-02-01
2017,2,Less than high school,0.09180984368911053,2017-02-01
2017,2,Some college / Associate,0.043118268051761284,2017-02-01
2017,3,Bachelor's or higher,0.023271892710387296,2017-03-01
2017,3,High school,0.0535137186131681,2017-03-01
2017,3,Less than high school,0.07544650357487956,2017-03-01
2017,3,Some college / Associate,0.03857018792704148,2017-03-01
2017,4,Bachelor's or higher,0.022323978480460003,2017-04-01
2017,4,High school,0.0443719476208491,2017-04-01
2017,4,Less than high school,0.06408114306523961,2017-04-01
2017,4,Some college / Associate,0.033684997623599874,2017-04-01
2017,5,Bachelor's or higher,0.021129788701338414,2017-05-01
2017,5,High school,0.04449579543434304,2017-05-01
2017,5,Less than high school,0.05599792809855994,2017-05-01
2017,5,Some college / Associate,0.037889308083706386,2017-05-01
2017,6,Bachelor's or higher,0.02350024160786681,2017-06-01
2017,6,High school,0.04461289178223404,2017-06-01
2017,6,Less than high school,0.05948218009879483,2017-06-01
2017,6,Some college / Associate,0.037368200586776076,2017-06-01
2017,7,Bachelor's or higher,0.02641291315659063,2017-07-01
2017,7,High school,0.04678192717588538,2017-07-01
2017,7,Less than high school,0.0709563395466923,2017-07-01
2017,7,Some college / Associate,0.03926087884264413,2017-07-01
2017,8,Bachelor's or higher,0.027277628438911655,2017-08-01
2017,8,High school,0.05268785080473193,2017-08-01
2017,8,Less than high school,0.0575875799652674,2017-08-01
2017,8,Some college / Associate,0.03969373296218397,2017-08-01
2017,9,Bachelor's or higher,0.0221696713511148,2017-09-01
2017,9,High school,0.04200234868521325,2017-09-01
2017,9,Less than high school,0.060710485188939525,2017-09-01
2017,9,Some college / Associate,0.03557782741483479,2017-09-01
2017,10,Bachelor's or higher,0.019200297281273187,2017-10-01
2017,10,High school,0.042512080893312584,2017-10-01
2017,10,Less than high school,0.05144044125977887,2017-10-01
2017,10,Some college / Associate,0.0359180806227587,2017-10-01
2017,11,Bachelor's or higher,0.01905332745411191,2017-11-01
2017,11,High school,0.04269635338180884,2017-11-01
2017,11,Less than high school,0.05135049267845199,2017-11-01
2017,11,Some college / Associate,0.03441261907586756,2017-11-01
2017,12,Bachelor's or higher,0.02020379713809988,2017-12-01
2017,12,High school,0.042433483234592236,2017-12-01
2017,12,Less than high school,0.06895601659415386,2017-12-01
2017,12,Some college / Associate,0.03425756906984429,2017-12-01
2018,1,Bachelor's or higher,0.022210852618407037,2018-01-01
2018,1,High school,0.05161927368470674,2018-01-01
2018,1,Less than high school,0.07219412519821493,2018-01-01
2018,1,Some college / Associate,0.03701214865231269,2018-01-01
2018,2,Bachelor's or higher,0.022249403118195135,2018-02-01
2018,2,High school,0.04984859921863357,2018-02-01
2018,2,Less than high school,0.0724589199166471,2018-02-01
2018,2,Some college / Associate,0.037997861528610996,2018-02-01
2018,3,Bachelor's or higher,0.02187204310464425,2018-03-01
2018,3,High school,0.047682160364729574,2018-03-01
2018,3,Less than high school,0.06536368782813502,2018-03-01
2018,3,Some college / Associate,0.03654613751035406,2018-03-01
2018,4,Bachelor's or higher,0.019159564685627826,2018-04-01
2018,4,High school,0.04299134679750977,2018-04-01
2018,4,Less than high school,0.0587875222224932,2018-04-01
2018,4,Some college / Associate,0.03323167206042929,2018-04-01
2018,5,Bachelor's or higher,0.017592730461057342,2018-05-01
2018,5,High school,0.03763412948574567,2018-05-01
2018,5,Less than high school,0.04677789712575791,2018-05-01
2018,5,Some college / Associate,0.02942458871855433,2018-05-01
2018,6,Bachelor's or higher,0.024068343734359034,2018-06-01
2018,6,High school,0.0397286826971291,2018-06-01
2018,6,Less than high school,0.04987258743261235,2018-06-01
2018,6,Some college / Associate,0.03232611206374746,2018-06-01
2018,7,Bachelor's or higher,0.02487751698552111,2018-07-01
2018,7,High school,0.04101967915756105,2018-07-01
2018,7,Less than high school,0.046874234430108255,2018-07-01
2018,7,Some college / Associate,0.03297986531713525,2018-07-01
2018,8,Bachelor's or higher,0.023330085069405666,2018-08-01
2018,8,High school,0.04060232902980064,2018-08-01
2018,8,Less than high school,0.0495821813182631,2018-08-01
2018,8,Some college / Associate,0.0376774356455311,2018-08-01
2018,9,Bachelor's or higher,0.01880201370561098,2018-09-01
2018,9,High school,0.03553565344143728,2018-09-01
2018,9,Less than high school,0.04951986387811385,2018-09-01
2018,9,Some college / Associate,0.03099577926668503,2018-09-01
2018,10,Bachelor's or higher,0.019453455917698263,2018-10-01
2018,10,High school,0.0390248054650385,2018-10-01
2018,10,Less than high school,0.05217496245349224,2018-10-01
2018,10,Some college / Associate,0.02895260273570658,2018-10-01
2018,11,Bachelor's or higher,0.020621418858617166,2018-11-01
2018,11,High school,0.03481040773290877,2018-11-01
2018,11,Less than high school,0.0555267416428194,2018-11-01
2018,11,Some college / Associate,0.02927864654349945,2018-11-01
2018,12,Bachelor's or higher,0.01988506681406327,2018-12-01
2018,12,High school,0.0395411528843999,2018-12-01
2018,12,Less than high school,0.06711406619148731,2018-12-01
2018,12,Some college / Associate,0.03215499114342784,2018-12-01
2019,1,Bachelor's or higher,0.024316416453819056,2019-01-01
2019,1,High school,0.04405279408494689,2019-01-01
2019,1,Less than high school,0.0774121086400994,2019-01-01
2019,1,Some college / Associate,0.03638390197135116,2019-01-01
2019,2,Bachelor's or higher,0.02144582954513661,2019-02-01
2019,2,High school,0.043664717926847944,2019-02-01
2019,2,Less than high school,0.06994027363847194,2019-02-01
2019,2,Some college / Associate,0.034905294382626684,2019-02-01
2019,3,Bachelor's or higher,0.019491891692042046,2019-03-01
2019,3,High school,0.041030382231443285,2019-03-01
2019,3,Less than high school,0.0699918055098794,2019-03-01
2019,3,Some college / Associate,0.03602744803184409,2019-03-01
2019,4,Bachelor's or higher,0.018166590664285782,2019-04-01
2019,4,High school,0.033980636290329186,2019-04-01
2019,4,Less than high school,0.051939086891308224,2019-04-01
2019,4,Some college / Associate,0.02947906818745643,2019-04-01
2019,5,Bachelor's or higher,0.019129432278599205,2019-05-01
2019,5,High school,0.03336111418878982,2019-05-01
2019,5,Less than high school,0.04428754085184783,2019-05-01
2019,5,Some college / Associate,0.025455382380523594,2019-05-01
2019,6,Bachelor's or higher,0.02189118680596744,2019-06-01
2019,6,High school,0.037626688436116225,2019-06-01
2019,6,Less than high school,0.04674812556680237,2019-06-01
2019,6,Some college / Associate,0.029207314056468973,2019-06-01
2019,7,Bachelor's or higher,0.025478052759032265,2019-07-01
2019,7,High school,0.037197642576300705,2019-07-01
2019,7,Less than high school,0.04636204763238409,2019-07-01
2019,7,Some college / Associate,0.03349116662249208,2019-07-01
2019,8,Bachelor's or higher,0.024150711295850474,2019-08-01
2019,8,High school,0.03723772821183497,2019-08-01
2019,8,Less than high school,0.04885139198967859,2019-08-01
2019,8,Some college / Associate,0.032164838362760816,2019-08-01
2019,9,Bachelor's or higher,0.019204940579280176,2019-09-01
2019,9,High school,0.03536720954522156,2019-09-01
2019,9,Less than high school,0.040965269362010996,2019-09-01
2019,9,Some college / Associate,0.028976639920293486,2019-09-01
2019,10,Bachelor's or higher,0.019489641325320575,2019-10-01
2019,10,High school,0.035880052757337584,2019-10-01
2019,10,Less than high school,0.04880271448848052,2019-10-01
2019,10,Some college / Associate,0.02715878792333573,2019-10-01
2019,11,Bachelor's or higher,0.017012584685002285,2019-11-01
2019,11,High school,0.03526481943494501,2019-11-01
2019,11,Less than high school,0.053302005562776665,2019-11-01
2019,11,Some college / Associate,0.028297836369234233,2019-11-01
2019,12,Bachelor's or higher,0.01730095805881797,2019-12-01
2019,12,High school,0.03870570818470699,2019-12-01
2019,12,Less than high school,0.060606100994678926,2019-12-01
2019,12,Some college / Associate,0.02617390406748762,2019-12-01
2020,1,Bachelor's or higher,0.019841711683444573,2020-01-01
2020,1,High school,0.0457226232343543,2020-01-01
2020,1,Less than high school,0.07674334721370642,2020-01-01
2020,1,Some college / Associate,0.031412669716449924,2020-01-01
2020,2,Bachelor's or higher,0.018888312733669872,2020-02-01
2020,2,High school,0.0432416407685268,2020-02-01
2020,2,Less than high school,0.07237521116442917,2020-02-01
2020,2,Some college / Associate,0.03363735916984025,2020-02-01
2020,3,Bachelor's or higher,0.024417823155855386,2020-03-01
2020,3,High school,0.05019743905807345,2020-03-01
2020,3,Less than high school,0.07896979038641103,2020-03-01
2020,3,Some college / Associate,0.03985644363780722,2020-03-01
2020,4,Bachelor's or higher,0.07919593221925565,2020-04-01
2020,4,High school,0.16993422053911852,2020-04-01
2020,4,Less than high school,0.20830077041541248,2020-04-01
2020,4,Some college / Associate,0.14628087064250628,2020-04-01
2020,5,Bachelor's or higher,0.06988184561176936,2020-05-01
2020,5,High school,0.1490107256631721,2020-05-01
2020,5,Less than high school,0.18409052992909067,2020-05-01
2020,5,Some college / Associate,0.12908497895188645,2020-05-01
2020,6,Bachelor's or higher,0.06859210272976662,2020-06-01
2020,6,High school,0.11822856832387672,2020-06-01
2020,6,Less than high school,0.15356642145480603,2020-06-01
2020,6,Some college / Associate,0.1082187784702768,2020-06-01
2020,7,Bachelor's or higher,0.06960077757589532,2020-07-01
2020,7,High school,0.10879277132907779,2020-07-01
2020,7,Less than high school,0.14648287925385356,2020-07-01
2020,7,Some college / Associate,0.09837787169349937,2020-07-01
2020,8,Bachelor's or higher,0.054618428593519244,2020-08-01
2020,8,High school,0.09557406450244903,2020-08-01
2020,8,Less than high school,0.11812985678229163,2020-08-01
2020,8,Some college / Associate,0.0805762217710369,2020-08-01
2020,9,Bachelor's or higher,0.04544557219518392,2020-09-01
2020,9,High school,0.08719475124256407,2020-09-01
2020,9,Less than high school,0.09809460817872431,2020-09-01
2020,9,Some college / Associate,0.07846286330521753,2020-09-01
2020,10,Bachelor's or higher,0.04007912412712934,2020-10-01
2020,10,High school,0.07893961504232296,2020-10-01
2020,10,Less than high school,0.09156139369597568,2020-10-01
2020,10,Some college / Associate,0.06255134467471807,2020-10-01
2020,11,Bachelor's or higher,0.04014333426589254,2020-11-01
2020,11,High school,0.07447839209220625,2020-11-01
2020,11,Less than high school,0.08952735280055339,2020-11-01
2020,11,Some college / Associate,0.061139452445528264,2020-11-01
2020,12,Bachelor's or higher,0.03422536595736255,2020-12-01
2020,12,High school,0.08096505428975778,2020-12-01
2020,12,Less than high school,0.10674847964821065,2020-12-01
2020,12,Some college / Associate,0.06109421698389701,2020-12-01
2021,1,Bachelor's or higher,0.0399144887037541,2021-01-01
2021,1,High school,0.08137878073035647,2021-01-01
2021,1,Less than high school,0.11110439686258894,2021-01-01
2021,1,Some college / Associate,0.06673241299017181,2021-01-01
2021,2,Bachelor's or higher,0.037789781474771154,2021-02-01
2021,2,High school,0.08187617821902896,2021-02-01
2021,2,Less than high school,0.1239892469692688,2021-02-01
2021,2,Some college / Associate,0.06364627543006848,2021-02-01
2021,3,Bachelor's or higher,0.03587810578420978,2021-03-01
2021,3,High school,0.07406551884601384,2021-03-01
2021,3,Less than high school,0.09704452056981717,2021-03-01
2021,3,Some college / Associate,0.062277596960430275,2021-03-01
2021,4,Bachelor's or higher,0.03262317311906111,2021-04-01
2021,4,High school,0.07032836359442625,2021-04-01
2021,4,Less than high school,0.09902422215823765,2021-04-01
2021,4,Some college / Associate,0.05800553460891648,2021-04-01
2021,5,Bachelor's or higher,0.02903536112858507,2021-05-01
2021,5,High school,0.06794083898420336,2021-05-01
2021,5,Less than high school,0.08584110027659136,2021-05-01
2021,5,Some college / Associate,0.057016705391398546,2021-05-01
2021,6,Bachelor's or higher,0.03488904401115532,2021-06-01
2021,6,High school,0.07043125920328144,2021-06-01
2021,6,Less than high school,0.09715834179852344,2021-06-01
2021,6,Some college / Associate,0.058688384263079874,2021-06-01
2021,7,Bachelor's or higher,0.03362198104618105,2021-07-01
2021,7,High school,0.06540707962462562,2021-07-01
2021,7,Less than high school,0.09263505700634997,2021-07-01
2021,7,Some college / Associate,0.05276272475407317,2021-07-01
2021,8,Bachelor's or higher,0.030634143820832238,2021-08-01
2021,8,High school,0.06222125328791977,2021-08-01
2021,8,Less than high school,0.07172413269315053,2021-08-01
2021,8,Some college / Associate,0.053643946659296025,2021-08-01
2021,9,Bachelor's or higher,0.02460962476372521,2021-09-01
2021,9,High school,0.05735850688913904,2021-09-01
2021,9,Less than high school,0.07028699186773205,2021-09-01
2021,9,Some college / Associate,0.04464763884722559,2021-09-01
2021,10,Bachelor's or higher,0.022411658600569977,2021-10-01
2021,10,High school,0.05294904285495574,2021-10-01
2021,10,Less than high school,0.06409245640287457,2021-10-01
2021,10,Some college / Associate,0.04248663816810199,2021-10-01
2021,11,Bachelor's or higher,0.02076761720079887,2021-11-01
2021,11,High school,0.05076411452251386,2021-11-01
2021,11,Less than high school,0.05340320296549203,2021-11-01
2021,11,Some college / Associate,0.03520233914279626,2021-11-01
2021,12,Bachelor's or higher,0.019366527870518888,2021-12-01
2021,12,High school,0.04707905148283103,2021-12-01
2021,12,Less than high school,0.061031261019071276,2021-12-01
2021,12,Some college / Associate,0.03411168588588267,2021-12-01
2022,1,Bachelor's or higher,0.023358450040788587,2022-01-01
2022,1,High school,0.052753788189445226,2022-01-01
2022,1,Less than high school,0.08247377536700497,2022-01-01
2022,1,Some college / Associate,0.03754352822334362,2022-01-01
2022,2,Bachelor's or higher,0.02179839472764518,2022-02-01
2022,2,High school,0.049946675465302626,2022-02-01
2022,2,Less than high school,0.058983155779920374,2022-02-01
2022,2,Some college / Associate,0.04059820552592575,2022-02-01
2022,3,Bachelor's or higher,0.01774975665651223,2022-03-01
2022,3,High school,0.04451329193011261,2022-03-01
2022,3,Less than high school,0.066655113318064,2022-03-01
2022,3,Some college / Associate,0.03315502259996531,2022-03-01
2022,4,Bachelor's or higher,0.01780537102077786,2022-04-01
2022,4,High school,0.03754815399774528,2022-04-01
2022,4,Less than high school,0.05415878246734783,2022-04-01
2022,4,Some college / Associate,0.03028183509192748,2022-04-01
2022,5,Bachelor's or higher,0.016726417156756178,2022-05-01
2022,5,High school,0.03648066541043783,2022-05-01
2022,5,Less than high school,0.044240669716636705,2022-05-01
2022,5,Some college / Associate,0.031560546656662726,2022-05-01
2022,6,Bachelor's or higher,0.02204218271417514,2022-06-01
2022,6,High school,0.036459233387627875,2022-06-01
2022,6,Less than high school,0.0514454905993247,2022-06-01
2022,6,Some college / Associate,0.03220263586848351,2022-06-01
2022,7,Bachelor's or higher,0.02292169947338723,2022-07-01
2022,7,High school,0.03554827809452213,2022-07-01
2022,7,Less than high school,0.057912167270378914,2022-07-01
2022,7,Some college / Associate,0.030106789754013125,2022-07-01
2022,8,Bachelor's or higher,0.021409736722093318,2022-08-01
2022,8,High school,0.044962279239437734,2022-08-01
2022,8,Less than high school,0.057942829767005793,2022-08-01
2022,8,Some college / Associate,0.032412025396119266,2022-08-01
2022,9,Bachelor's or higher,0.017268795588710553,2022-09-01
2022,9,High school,0.03641209328034062,2022-09-01
2022,9,Less than high school,0.04743602152155628,2022-09-01
2022,9,Some college / Associate,0.028579700978195958,2022-09-01
2022,10,Bachelor's or higher,0.018663483718271912,2022-10-01
2022,10,High school,0.04001797693603326,2022-10-01
2022,10,Less than high school,0.05687754995376406,2022-10-01
2022,10,Some college / Associate,0.029096620633350452,2022-10-01
2022,11,Bachelor's or higher,0.018359808407732388,2022-11-01
2022,11,High school,0.038525189494226994,2022-11-01
2022,11,Less than high school,0.039462642684405365,2022-11-01
2022,11,Some college / Associate,0.030263998357892723,2022-11-01
2022,12,Bachelor's or higher,0.017157927620307687,2022-12-01
2022,12,High school,0.03523747690381752,2022-12-01
2022,12,Less than high school,0.05585615945517281,2022-12-01
2022,12,Some college / Associate,0.02853576796906211,2022-12-01
2023,1,Bachelor's or higher,0.021009779154497525,2023-01-01
2023,1,High school,0.043076429864577014,2023-01-01
2023,1,Less than high school,0.06148758423692582,2023-01-01
2023,1,Some college / Associate,0.031183371745797737,2023-01-01
2023,2,Bachelor's or higher,0.020883799593060352,2023-02-01
2023,2,High school,0.040577207900795026,2023-02-01
2023,2,Less than high school,0.0729217089734913,2023-02-01
2023,2,Some college / Associate,0.036222853308964166,2023-02-01
2023,3,Bachelor's or higher,0.02002092643730126,2023-03-01
2023,3,High school,0.04447735629484661,2023-03-01
2023,3,Less than high school,0.058425050550502566,2023-03-01
2023,3,Some college / Associate,0.03090599603136788,2023-03-01
2023,4,Bachelor's or higher,0.017696053435426504,2023-04-01
2023,4,High school,0.03998391456298668,2023-04-01
2023,4,Less than high school,0.05773841175140903,2023-04-01
2023,4,Some college / Associate,0.02801557811665697,2023-04-01
2023,5,Bachelor's or higher,0.01847237045309839,2023-05-01
2023,5,High school,0.03906476669533853,2023-05-01
2023,5,Less than high school,0.05351039165004649,2023-05-01
2023,5,Some college / Associate,0.031459833813411116,2023-05-01
2023,6,Bachelor's or higher,0.021547341379299468,2023-06-01
2023,6,High school,0.038876327581030545,2023-06-01
2023,6,Less than high school,0.0576439845101946,2023-06-01
2023,6,Some college / Associate,0.030777206742509083,2023-06-01
2023,7,Bachelor's or higher,0.023586202261679366,2023-07-01
2023,7,High school,0.03486458066388173,2023-07-01
2023,7,Less than high school,0.05306046357363921,2023-07-01
2023,7,Some college / Associate,0.03458648064855312,2023-07-01
2023,8,Bachelor's or higher,0.02512216817114528,2023-08-01
2023,8,High school,0.039659931577540206,2023-08-01
2023,8,Less than high school,0.047684027137046205,2023-08-01
2023,8,Some college / Associate,0.03317891144613789,2023-08-01
2023,9,Bachelor's or higher,0.020477513050973964,2023-09-01
2023,9,High school,0.04119125564298736,2023-09-01
2023,9,Less than high school,0.04764002011964648,2023-09-01
2023,9,Some college / Associate,0.029197606466901806,2023-09-01
2023,10,Bachelor's or higher,0.019561402288309517,2023-10-01
2023,10,High school,0.04048540487559576,2023-10-01
2023,10,Less than high school,0.05179480484657349,2023-10-01
2023,10,Some college / Associate,0.030872099860639688,2023-10-01
2023,11,Bachelor's or higher,0.01935165787787785,2023-11-01
2023,11,High school,0.04066280301374742,2023-11-01
2023,11,Less than high school,0.060036062122827,2023-11-01
2023,11,Some college / Associate,0.02617253461853099,2023-11-01
2023,12,Bachelor's or higher,0.019622036533274993,2023-12-01
2023,12,High school,0.04361761899624691,2023-12-01
2023,12,Less than high school,0.06702587817514412,2023-12-01
2023,12,Some college / Associate,0.02883066758741108,2023-12-01
2024,1,Bachelor's or higher,0.0216426408912173,2024-01-01
2024,1,High school,0.049808848016829395,2024-01-01
2024,1,Less than high school,0.07829070290621712,2024-01-01
2024,1,Some college / Associate,0.03391457959341114,2024-01-01
2024,2,Bachelor's or higher,0.022907633655560918,2024-02-01
2024,2,High school,0.04746516298544182,2024-02-01
2024,2,Less than high school,0.08328332697118963,2024-02-01
2024,2,Some college / Associate,0.035453418187082475,2024-02-01
2024,3,Bachelor's or higher,0.020931310592700075,2024-03-01
2024,3,High school,0.04549033239304384,2024-03-01
2024,3,Less than high school,0.05997769945446237,2024-03-01
2024,3,Some college / Associate,0.03578006026237304,2024-03-01
2024,4,Bachelor's or higher,0.019840457860548694,2024-04-01
2024,4,High school,0.04061570498560862,2024-04-01
2024,4,Less than high school,0.060428316511292775,2024-04-01
2024,4,Some college / Associate,0.031140076096799228,2024-04-01
2024,5,Bachelor's or higher,0.019697608637717266,2024-05-01
2024,5,High school,0.04155258237711193,2024-05-01
2024,5,Less than high school,0.05383415422329789,2024-05-01
2024,5,Some college / Associate,0.029725073072839538,2024-05-01
2024,6,Bachelor's or higher,0.025792496397261305,2024-06-01
2024,6,High school,0.04164664906603851,2024-06-01
2024,6,Less than high school,0.05512837896050869,2024-06-01
2024,6,Some college / Associate,0.03569554746918698,2024-06-01
2024,7,Bachelor's or higher,0.026599589036965212,2024-07-01
2024,7,High school,0.04795266792522021,2024-07-01
2024,7,Less than high school,0.0665996616254616,2024-07-01
2024,7,Some college / Associate,0.03784702931802311,2024-07-01
2024,8,Bachelor's or higher,0.02905982835381593,2024-08-01
2024,8,High school,0.04050010776519346,2024-08-01
2024,8,Less than high school,0.06741840446099429,2024-08-01
2024,8,Some college / Associate,0.038026501520290794,2024-08-01
2024,9,Bachelor's or higher,0.022226748354685872,2024-09-01
2024,9,High school,0.039454459933422815,2024-09-01
2024,9,Less than high school,0.061467801272018945,2024-09-01
2024,9,Some college / Associate,0.0333995292814108,2024-09-01
2024,10,Bachelor's or higher,0.024426033132420172,2024-10-01
2024,10,High school,0.039259850303606535,2024-10-01
2024,10,Less than high school,0.05819757344434424,2024-10-01
2024,10,Some college / Associate,0.0338601103760669,2024-10-01
2024,11,Bachelor's or higher,0.023798048761711446,2024-11-01
2024,11,High school,0.045396685883546735,2024-11-01
2024,11,Less than high school,0.05715588165997726,2024-11-01
2024,11,Some college / Associate,0.03493865369910445,2024-11-01
2024,12,Bachelor's or higher,0.021639816033572214,2024-12-01
2024,12,High school,0.044323888607775475,2024-12-01
2024,12,Less than high school,0.05968524806985444,2024-12-01
2024,12,Some college / Associate,0.033191411973441824,2024-12-01
